id;status;level;trainer;active_from;activeto
1;bewail exotic;yuck;apropos hometown;2023-12-31T06:39:31;2023-12-31T22:23:59
2;kiddingly bandy bah;irresponsible;including incidentally oh;2023-12-31T21:22:07;2023-12-31T18:16:21
3;hopelessly towards;towards finally;er unselfish maltreat;2023-12-31T17:37:57;2023-12-31T23:23:01
4;rhapsodize;tenderly;helplessly;2024-01-01T02:23:33;2023-12-31T07:38:15
5;slop ick;acceptable evolve roar;flourish black sad;2023-12-31T08:05:53;2023-12-31T12:55:33
6;ambience;cleverly;vagrant;2023-12-31T07:36:36;2023-12-31T14:13:39
7;dress vice fiercely;on;enquiry pace;2023-12-31T08:06:08;2023-12-31T10:13:35
8;moisturize from;which why blossom;times after;2023-12-31T09:17:17;2023-12-31T16:30:23
9;bulky;apud;yippee;2024-01-01T00:29:35;2023-12-31T14:04:22
10;patiently insert;until;indeed a;2023-12-31T17:43:55;2023-12-31T20:59:54
